{
  "bg": 79, 
  "temp": "absolute", 
  "snoozeBG": 99, 
  "recieved": true, 
  "predBGs": {
    "IOB": [
      79, 
      77, 
      76, 
      76, 
      75, 
      75, 
      76, 
      76, 
      78, 
      79, 
      82, 
      84, 
      87, 
      89, 
      92, 
      95, 
      98, 
      100, 
      103, 
      105, 
      108, 
      110, 
      112, 
      114, 
      115, 
      117, 
      118, 
      119, 
      121, 
      122, 
      122, 
      123, 
      124, 
      124, 
      124, 
      125
    ]
  }, 
  "reason": "COB: 0, Dev: -18, BGI: 1.24, ISF: 92, Target: 101; Eventual BG 99 < 101, 22m@-0.725 = -0.266 < req -0.04357298474945534-0.2175", 
  "rate": 0.65, 
  "COB": 0, 
  "eventualBG": 99, 
  "timestamp": "2017-03-17T03:28:35.593100", 
  "duration": 30, 
  "tick": "+2", 
  "IOB": -0.419
}