{
  "bg": 88, 
  "temp": "absolute", 
  "snoozeBG": 99, 
  "recieved": true, 
  "predBGs": {
    "IOB": [
      88, 
      88, 
      87, 
      87, 
      87, 
      87, 
      87, 
      88, 
      89, 
      90, 
      91, 
      92, 
      94, 
      96, 
      98, 
      100, 
      102, 
      104, 
      106, 
      108, 
      110, 
      112, 
      114, 
      116, 
      117, 
      119, 
      120, 
      121, 
      122, 
      123, 
      124, 
      125, 
      126, 
      126, 
      127, 
      127, 
      127, 
      127, 
      128
    ]
  }, 
  "reason": "COB: 0, Dev: -16, BGI: 1.99, ISF: 97, Target: 101; Eventual BG 99 < 101, 26m@-0.600 = -0.260 < req -0.0412796697626419-0.18", 
  "rate": 0.525, 
  "COB": 0, 
  "eventualBG": 99, 
  "timestamp": "2017-05-01T04:38:28.072535", 
  "duration": 30, 
  "tick": "+3", 
  "IOB": -0.286
}