{
  "bg": 103, 
  "temp": "absolute", 
  "snoozeBG": 98, 
  "recieved": true, 
  "predBGs": {
    "IOB": [
      103, 
      102, 
      100, 
      99, 
      98, 
      97, 
      96, 
      96, 
      96, 
      96, 
      96, 
      97, 
      98, 
      99, 
      100, 
      101, 
      103, 
      104, 
      106, 
      108, 
      109, 
      111, 
      113, 
      114, 
      116, 
      117, 
      118, 
      120, 
      121, 
      122, 
      123, 
      123, 
      124, 
      125, 
      125, 
      125, 
      126
    ]
  }, 
  "reason": "COB: 0, Dev: -7, BGI: -0.33, ISF: 94, Target: 100; Eventual BG 98 < 100, 28m@-0.600 = -0.280 < req -0.04250797024442083-0.18", 
  "rate": 0.5, 
  "COB": 0, 
  "eventualBG": 98, 
  "timestamp": "2017-04-28T06:29:48.204461", 
  "duration": 30, 
  "tick": "+3", 
  "IOB": -0.018
}