{
  "bg": 114, 
  "temp": "absolute", 
  "snoozeBG": 103, 
  "recieved": true, 
  "predBGs": {
    "IOB": [
      114, 
      107, 
      101, 
      96, 
      92, 
      88, 
      85, 
      84, 
      83, 
      83, 
      84, 
      85, 
      88, 
      90, 
      93, 
      97, 
      100, 
      104, 
      107, 
      111, 
      114, 
      117, 
      120, 
      123, 
      126, 
      128, 
      130, 
      133, 
      134, 
      136, 
      137, 
      139, 
      140, 
      141, 
      141, 
      142, 
      142, 
      142, 
      142, 
      143
    ]
  }, 
  "reason": "COB: 0, Dev: -26, BGI: -2.89, ISF: 111, Target: 104; Eventual BG 103 < 104, 22m@-0.875 = -0.321 < req -0.018001800180018002-0.2625", 
  "rate": 0.85, 
  "COB": 0, 
  "eventualBG": 103, 
  "timestamp": "2017-03-21T01:42:06.115757", 
  "duration": 30, 
  "tick": -6, 
  "IOB": -0.147
}